{"cameraMode":{"drawMode":0,"name":"Shaded","section":"Shading Mode"},"sceneLighting":true,"audioPlay":false,"sceneViewState":{"m_AlwaysRefresh":false,"showFog":true,"showSkybox":true,"showFlares":true,"showImageEffects":true,"showParticleSystems":true,"showVisualEffectGraphs":true,"m_FxEnabled":true},"in2DMode":false,"pivot":{"x":316.8669738769531,"y":0.8777782917022705,"z":374.4515380859375},"rotation":{"x":-0.3362146317958832,"y":-0.011876937933266163,"z":0.004262906964868307,"w":-0.9417381286621094},"size":3.1038668155670168,"orthographic":false}